video,shot_index,duration_s,start_s
ref1,1,3.07,0.0
ref1,2,18.08,3.07
ref1,3,4.67,21.15
ref1,4,5.51,25.82
ref1,5,13.28,31.33
ref1,6,6.01,44.61
ref1,7,3.94,50.62
ref1,8,4.5,54.56
ref1,9,6.44,59.06
ref1,10,8.64,65.5
ref1,11,0.4,74.14
ref1,12,9.21,74.54
ref1,13,5.84,83.75
ref1,14,10.08,89.59
ref1,15,2.27,99.67
ref1,16,2.64,101.94
ref1,17,1.37,104.58
ref1,18,0.57,105.95
ref1,19,1.77,106.52
ref1,20,0.53,108.29
ref1,21,2.74,108.82
ref1,22,3.37,111.56
ref1,23,2.47,114.93
ref1,24,5.44,117.4
ref1,25,2.84,122.84
ref1,26,2.37,125.68
ref1,27,3.37,128.05
ref1,28,3.14,131.42
ref1,29,4.77,134.56
ref1,30,1.73,139.33
ref1,31,2.24,141.06
ref1,32,4.44,143.3
ref1,33,3.37,147.74
ref1,34,2.3,151.11
ref1,35,2.6,153.41
ref1,36,4.77,156.01
ref1,37,5.47,160.78
ref1,38,10.38,166.25
ref1,39,11.48,176.63
ref1,40,5.07,188.11
ref1,41,8.01,193.18
ref1,42,6.74,201.19
ref1,43,7.64,207.93
ref1,44,2.94,215.57
ref1,45,4.2,218.51
ref1,46,2.64,222.71
ref1,47,14.68,225.35
ref2,1,2.68,0.0
ref2,2,0.44,2.68
ref2,3,0.48,3.12
ref2,4,0.4,3.6
ref2,5,0.44,4.0
ref2,6,3.52,4.44
ref2,7,2.6,7.96
ref2,8,0.44,10.56
ref2,9,0.48,11.0
ref2,10,0.44,11.48
ref2,11,0.44,11.92
ref2,12,0.36,12.36
ref2,13,1.36,12.72
ref2,14,1.44,14.08
ref2,15,0.4,15.52
ref2,16,0.64,15.92
ref2,17,0.48,16.56
ref2,18,0.64,17.04
ref2,19,0.8,17.68
ref2,20,7.08,18.48
ref2,21,6.28,25.56
ref2,22,0.32,31.84
ref2,23,0.28,32.16
ref2,24,0.24,32.44
ref2,25,0.28,32.68
ref2,26,0.32,32.96
ref2,27,0.36,33.28
ref2,28,0.68,33.64
ref2,29,3.8,34.32
ref2,30,1.08,38.12
ref2,31,2.08,39.2
ref2,32,1.44,41.28
ref2,33,1.28,42.72
ref2,34,1.32,44.0
ref2,35,1.0,45.32
ref2,36,0.8,46.32
ref2,37,0.76,47.12
ref2,38,1.28,47.88
ref2,39,0.84,49.16
ref2,40,1.16,50.0
ref2,41,0.72,51.16
ref2,42,1.16,51.88
ref2,43,2.28,53.04
ref2,44,1.0,55.32
ref2,45,0.72,56.32
ref2,46,0.76,57.04
ref2,47,1.04,57.8
ref2,48,1.16,58.84
ref2,49,0.84,60.0
ref2,50,0.72,60.84
ref2,51,1.16,61.56
ref2,52,0.8,62.72
ref2,53,0.8,63.52
ref2,54,1.2,64.32
ref2,55,0.88,65.52
ref2,56,0.84,66.4
ref2,57,1.6,67.24
ref2,58,0.48,68.84
ref2,59,0.36,69.32
ref2,60,0.36,69.68
ref2,61,0.32,70.04
ref2,62,0.84,70.36
ref2,63,0.28,71.2
ref2,64,0.2,71.48
ref2,65,1.64,71.68
ref2,66,0.72,73.32
ref2,67,0.56,74.04
ref2,68,0.32,74.6
ref2,69,0.24,74.92
ref2,70,0.72,75.16
ref2,71,5.88,75.88
ref2,72,3.64,81.76
ref2,73,7.2,85.4
ref2,74,1.64,92.6
ref2,75,1.48,94.24
ref2,76,0.8,95.72
ref2,77,1.24,96.52
ref2,78,1.88,97.76
ref2,79,1.2,99.64
ref2,80,4.4,100.84
ref2,81,7.96,105.24
ref2,82,0.96,113.2
ref2,83,1.08,114.16
ref2,84,1.28,115.24
ref2,85,1.32,116.52
ref2,86,1.0,117.84
ref2,87,1.48,118.84
ref2,88,1.64,120.32
ref2,89,1.72,121.96
ref2,90,12.48,123.68
ref2,91,2.24,136.16
ref2,92,1.52,138.4
ref2,93,1.96,139.92
ref2,94,2.44,141.88
ref2,95,1.96,144.32
ref2,96,2.28,146.28
ref2,97,4.16,148.56
ref2,98,1.2,152.72
ref2,99,2.44,153.92
ref2,100,6.48,156.36
ref2,101,1.96,162.84
ref2,102,1.84,164.8
ref2,103,1.24,166.64
ref2,104,1.28,167.88
ref2,105,0.96,169.16
ref2,106,1.76,170.12
ref2,107,1.72,171.88
ref2,108,2.36,173.6
ref2,109,1.88,175.96
ref2,110,2.36,177.84
ref2,111,2.64,180.2
ref2,112,2.28,182.84
ref2,113,2.2,185.12
ref2,114,3.36,187.32
ref2,115,4.28,190.68
ref2,116,3.28,194.96
ref2,117,3.76,198.24
ref2,118,3.44,202.0
ref2,119,14.08,205.44
ref2,120,6.68,219.52
ref2,121,3.76,226.2
ref2,122,1.92,229.96
ref2,123,2.08,231.88
ref2,124,1.44,233.96
ref2,125,1.32,235.4
ref2,126,2.76,236.72
ref3,1,9.67,0.0
ref3,2,1.8,9.67
ref3,3,1.97,11.47
ref3,4,1.47,13.44
ref3,5,2.47,14.91
ref3,6,1.13,17.38
ref3,7,1.03,18.51
ref3,8,1.0,19.54
ref3,9,1.07,20.54
ref3,10,4.63,21.61
ref3,11,2.63,26.24
ref3,12,0.5,28.87
ref3,13,0.5,29.37
ref3,14,0.5,29.87
ref3,15,0.5,30.37
ref3,16,0.5,30.87
ref3,17,0.5,31.37
ref3,18,0.5,31.87
ref3,19,0.5,32.37
ref3,20,1.0,32.87
ref3,21,1.17,33.87
ref3,22,8.43,35.04
ref3,23,34.3,43.47
ref3,24,10.33,77.77
ref3,25,3.27,88.1
ref3,26,3.87,91.37
ref3,27,3.6,95.24
ref3,28,1.6,98.84
ref3,29,7.83,100.44
ref3,30,9.5,108.27
ref3,31,1.4,117.77
ref3,32,24.6,119.17
ref3,33,7.23,143.77
ref3,34,6.3,151.0
ref3,35,35.93,157.3
ref3,36,2.37,193.23
ref3,37,7.4,195.6
ref3,38,2.87,203.0
ref3,39,1.83,205.87
ref3,40,3.2,207.7
ref3,41,1.37,210.9
ref3,42,17.83,212.27
ref3,43,9.9,230.1
ref4,1,16.47,0.0
ref4,2,5.57,16.47
ref4,3,1.33,22.04
ref4,4,29.47,23.37
ref4,5,6.37,52.84
ref4,6,10.1,59.21
ref4,7,6.3,69.31
ref4,8,8.33,75.61
ref4,9,9.83,83.94
ref4,10,4.3,93.77
ref4,11,7.73,98.07
ref4,12,34.53,105.8
ref4,13,11.2,140.33
ref4,14,23.63,151.53
ref4,15,38.3,175.16
ref4,16,9.07,213.46
ref4,17,2.83,222.53
ref4,18,2.63,225.36
ref4,19,11.83,227.99
ref5,1,3.77,0.0
ref5,2,7.2,3.77
ref5,3,2.53,10.97
ref5,4,6.9,13.5
ref5,5,3.77,20.4
ref5,6,2.53,24.17
ref5,7,5.43,26.7
ref5,8,1.33,32.13
ref5,9,3.1,33.46
ref5,10,2.23,36.56
ref5,11,1.93,38.79
ref5,12,4.1,40.72
ref5,13,5.03,44.82
ref5,14,2.1,49.85
ref5,15,1.57,51.95
ref5,16,4.27,53.52
ref5,17,3.3,57.79
ref5,18,3.4,61.09
ref5,19,2.3,64.49
ref5,20,3.6,66.79
ref5,21,3.5,70.39
ref5,22,3.47,73.89
ref5,23,3.1,77.36
ref5,24,2.7,80.46
ref5,25,6.07,83.16
ref5,26,6.37,89.23
ref5,27,2.33,95.6
ref5,28,10.07,97.93
ref5,29,5.03,108.0
ref5,30,3.0,113.03
ref5,31,2.23,116.03
ref5,32,4.9,118.26
ref5,33,5.2,123.16
ref5,34,3.33,128.36
ref5,35,2.97,131.69
ref5,36,1.23,134.66
ref5,37,1.97,135.89
ref5,38,3.2,137.86
ref5,39,5.93,141.06
ref5,40,5.03,146.99
ref5,41,4.37,152.02
ref5,42,13.3,156.39
ref5,43,3.5,169.69
ref5,44,2.53,173.19
ref5,45,1.37,175.72
ref5,46,3.2,177.09
ref5,47,1.83,180.29
ref5,48,9.2,182.12
ref5,49,4.23,191.32
ref5,50,4.07,195.55
ref5,51,2.83,199.62
ref5,52,6.8,202.45
ref5,53,4.63,209.25
ref5,54,3.97,213.88
ref5,55,3.13,217.85
ref5,56,2.43,220.98
ref5,57,2.6,223.41
ref5,58,8.47,226.01
ref5,59,2.1,234.48
ref5,60,2.97,236.58
ref5,61,0.43,239.55
ours_thresh0.15,1,8.0,0.0
ours_thresh0.15,2,2.2,8.0
ours_thresh0.15,3,5.8,10.2
ours_thresh0.15,4,8.0,16.0
ours_thresh0.15,5,8.5,24.0
ours_thresh0.15,6,10.4,32.5
ours_thresh0.15,7,4.03,42.9
